ID,Name,Age,CountryCode,Salary
1,CdaQixmmmqAxNmi,88,132,277487.4455842454
2,jTVkSFuYqxCckuyPUM,44,434,117362.84562259387
3,hNYYnVhWqDhvPkdMUeF,84,51,54095.78537005347
4,GSRSCiASrftQcv,23,118,407320.4154715471
5,hrmwHVGnUnfJuBPXliaX,38,377,590047.7554305979
6,NdjypzsvusMaZbYCXp,82,172,591516.0121185569
7,DzsXbOtLNUUSDGlfCVzA,76,424,463332.7653502874
8,aAlaPyfRhLlw,55,32,819390.4580544815
9,QKPJoYKMqKPCVJIXasK,72,87,648388.3441308101
10,xcyIJJKvdJlfTLeQ,86,304,975089.3836905712
11,fsdGwTjGcDcPqDrMA,68,395,913449.3932092575
12,XgeYMtMJHHWYiJGV,97,64,951378.0096076175
13,DyrTXxCVoNZoTW,83,293,505852.99640507606
14,LvonyMwAFazEzASCc,46,42,751648.8085730085
15,TSSfjVPFQRe,95,69,231730.58190843946
16,mVopuUzHomWBWEZYUVnz,42,23,730154.8250568637
17,BwLBxWltREspuDiV,91,140,35605.56974416551
18,btVJCxKZoabuFGchy,21,333,125539.31661204994
19,YMQgspbOeXrtoXmoXhZ,95,148,265284.18827731395
20,pUJpXRHZxZnxBQ,83,329,354145.5445283189
21,KFUKTjMeoiu,22,318,952457.4179649061
22,XDYadNmdjJPlh,40,301,303962.50678997283
23,IUuocnDywPFKk,41,129,186512.03041938215
24,SFxdYFsHZRaDTk,55,369,612209.1288623775
25,djAijoKSLszWqUQmOqK,18,491,264985.71392608056
26,sZbCraZqJzsLQ,60,269,463978.2945919743
27,ZGCAbseHvQbSZsRUtsx,88,239,140367.32306109215
28,lilXdYWnlg,73,43,304477.6061418861
29,yRHrYnuvKkoXi,39,389,293854.5330869622
30,FVeQerUJRxpWZs,24,484,510408.9228426635
31,WcPzOICmrrlibWIgenu,49,67,373283.4182024071
32,pxQKYxbTrfuHpE,79,323,607437.5622008517
33,nUwOnGElyulweUsk,22,193,677723.8398414504
34,MlRraYJEETwMWTVisr,55,262,364011.6943941722
35,qDUJXGPEIFgE,20,330,197036.9768751432
36,gQkfnhLncmx,63,14,629737.6979859611
37,WAGCxoABCjdis,83,457,137487.03079739932
38,EchCPyYKWDpCcFIpU,42,329,901401.6673042191
39,PxOpgZoulfqGbbolR,55,386,905367.1237827276
40,mTExXjQbwt,45,464,167.5189997665785
41,SFlLmndgZeGKZOlyTxDC,35,473,962991.0597199574
42,epkJYfbLoVSrnhknmo,90,184,259906.28932285265
43,zXhFhKLiuLNptEJPvXc,62,252,775022.3984618274
44,RbjQFtSdXUigBTTQQM,72,319,649097.2530565658
45,CBWcHHzjXBjq,46,139,867412.8187738503
46,SjKxpCPCrsWKQsfEfZF,99,405,701486.7836545717
47,MLJdKBRHtN,68,307,364320.07449268876
48,KREpgYGCBDC,77,214,484080.1710887724
49,RPVTJhNFQuYjVVZef,59,455,877517.3870330042
50,BMFHltErrTZst,33,199,95189.71055983694
51,rBdEleCewLrIQgtp,39,97,554876.8330451045
52,qvqnCyKAyuzwfVIZz,76,405,139326.33912285336
53,VezLndyFazqGxBvWwIoJ,35,407,347532.36752034817
54,eESatJtVBE,61,236,103042.10088906248
55,RGeKtNPPVkUSysuh,34,233,779295.0175147215
56,DVavCtstsX,19,493,363619.4332873779
57,grqEvJvUuC,84,368,799158.6809690401
58,RsgAsFivzPpWQrqIlR,48,238,937867.734987875
59,YZMLrdBrachoz,24,92,912207.9749972675
60,lCBzOcMJUJbXyUag,66,38,69398.24416082795
61,WkcUxCcCqpQ,78,175,213319.44166349678
62,CGTBhXrtCwkzKuAz,85,365,565403.720905949
63,UyNATgdenbBc,56,274,439919.34283498535
64,PnyWAyULaZXYwnsib,38,261,606800.0638703302
65,QJmhICRdJTS,24,17,608352.3770764108
66,YiDNByvqMTQo,50,379,701352.2633314246
67,SmcQSDBUqUkIAfuD,74,148,740253.4878019269
68,QTOqDNgaojpAN,85,318,309941.191915352
69,BzpAgUHxEDtWrZNy,87,199,480794.38698084257
70,svStGiUdJZ,60,114,965696.1653315935
71,YPjoXrEgQAP,98,217,465260.38951661054
72,ilRQcDdSlOIqDjw,76,448,681287.4277627157
73,liCaSyeabEGsoQKBW,31,87,277881.82508702396
74,tqbqTpDAwBkiYIXNDkw,75,184,873546.224275602
75,TBmYfhgjtTTNpAKTRD,98,153,190796.89954339314
76,oVdypOuLOlBa,68,151,377090.3413136906
77,ukAiUmfVLfwXLpDnFd,41,479,563671.290061206
78,EObzVEDgKWGAVlGSqyTz,80,281,503263.9893844407
79,txEEwLIsCQJIUjnGD,66,153,361428.2332881154
80,YbUUFpKgYrZg,81,484,301373.8080697258
81,ERqNtCFgOofrMXGy,36,336,67216.70009518664
82,TjhVhzrQsjbcQ,24,396,854007.0584479142
83,yLyaNznYmmf,61,28,904558.8025081002
84,OjTUUfGrOxVBWqOAWOr,73,338,524926.4843243966
85,fugnTmuGEejVGY,95,493,524901.8548902906
86,GbdDUCLhzgdDd,98,468,231284.74998384976
87,eixRAMwJyvNr,45,459,202158.7751351516
88,aAbaXbzOneC,29,63,958177.0540721812
89,vvEmjggpRzHPv,52,253,225555.22103879016
90,VhwsJqSyyEApkIHbfcPb,79,132,205245.48075646238
91,ejXRBAuQSiAUdWqgTxsn,87,444,974870.6628773218
92,GuksZWYOEODQJmHn,60,494,688383.6916383931
93,GJWkOAjQdCbTSwF,67,302,263232.4368010567
94,LcLvhermCdz,63,427,988587.1961296609
95,AtUHLAArdmmGoxl,70,248,584230.6609914813
96,FDrXxSgsjBz,73,191,858409.7391396866
97,pSfmoApFzisIGjXtisAE,73,64,549828.535837376
98,ouhPXHqMSChGAkmwcym,100,226,216234.19848928245
99,ZiMiaLrmzjolTf,48,78,913278.3481834675
100,RiuULCeKpmhvceZpjh,25,86,589094.5933284727
101,yaWtYntJUhvnbA,81,82,553838.0455507991
102,HNdrbhlwwcTiZi,96,466,172011.69931867087
103,OVcMhdTzDJI,46,86,753604.075728413
104,IvEDPMwWqzV,20,136,859513.8409952618
105,ClTsDPUDunszddDIBkt,67,15,535131.4505253923
106,KKDVxYWpsFiG,31,298,534929.2904806425
107,tXmlSLeSvWfXgXLjFF,75,67,745904.1221089782
108,ITztafbNCMmJDWFNAAti,77,39,506453.0216203321
109,CBRAqFTjBtCtuQlZA,57,273,191776.62719441546
110,oTyeauWSXa,86,481,395629.8407851953
111,igVWKQXDWVIleL,70,282,68192.76956857347
112,PWBKMfFsHplJFjngS,67,431,15432.249080716101
113,BfmaQFPxMn,94,2,469250.18904834724
114,RHYMdVvsJZyDRPlGWya,80,123,297468.47663809743
115,aeWmNVyummajVAtLCC,69,282,505388.10985512583
116,wzzeSvnwnbEELIrZTL,96,25,822408.9634172902
117,sIRRNHMGxLO,97,457,844520.9582953464
118,ZFKXfjoziSvoa,96,129,409054.02063890634
119,LWmWOzUQBxQYZxBy,25,260,544830.5509972634
120,GphOPtnjXi,97,329,245136.99183632236
121,kqJrBjTKYPtkbTf,24,436,163216.54704614388
122,MtbJQJdyEt,60,486,748186.2526716067
123,ZfmSomQfmgGashJm,80,155,182643.46371640614
124,ZMIAkDgtqlUBcpJq,27,447,989312.6920510624
125,vmKtMdinyx,94,51,49721.63038101144
126,jRxEPhFSoXZcF,35,41,564474.9346298758
127,JLpPMroUlT,43,91,83074.68179453109
128,IJpWrDNRKAq,40,110,809028.968683176
129,qgDKrMEKtKxHZz,22,320,163761.8016870997
130,QrFhXWSjZkv,18,445,797843.8779353579
131,fbHyWARcjrmAR,86,126,262932.0689133682
132,HEpbbzQFzDQYFdSx,28,168,656467.2554036232
133,CLmRCLgBJUbfktAGy,58,129,557929.3012831998
134,XPOUwzpQLcpsrLHZrZAZ,57,38,412162.9583604977
135,tgpKnkdteG,59,214,461115.64110735874
136,zWYHtjCJKMiKdCBYCfE,35,81,400129.0414106903
137,ucXNTvnlQN,50,106,721426.2607587249
138,oxRuexYEucpPVhdUE,75,400,406387.4186023159
139,opAwZDhWvbfHPxVWw,66,120,307198.9200477387
140,KUApTdcCRtJ,67,108,789290.6188430326
141,snGKEUcfPpyccNK,95,419,992326.5209750204
142,jJRfjgpVTlxn,82,231,710703.6342256307
143,vlKnKDJTFjHkRUuTwODQ,29,234,524543.695333797
144,ZjlVxbNdXtwNFRWr,48,69,643515.8731060413
145,dZbYvjrUvM,37,27,919363.6718345972
146,pljIpNsEnGSY,43,264,728652.854649039
147,rmVZsByCaRcXrxYG,67,136,761475.4326773279
148,nPCNceYPvStBl,30,193,866093.1177227075
149,cEoJAJeAHq,39,135,9082.225182801554
150,eUZujcOqiP,23,179,968385.5767722338
151,vvHuSIaKKpOlRlnHk,37,129,856529.0508060164
152,JzhsierJzPChFCRaR,52,114,998446.2349670327
153,NLhKLDipDJfI,21,382,996636.934540115
154,JOugKNxbIRY,18,71,639671.5489287972
155,XZKDinnMrwlYfp,99,126,644901.9283820719
156,cuRFdpHklwPZAkajw,56,12,152519.76494118475
157,PpnJoHsuGDz,47,401,333150.49079144996
158,QSNKZMlDvYrCspjTCzoB,55,398,321421.2477580004
159,hBcOvyWXxlsQtVvK,98,415,800066.5465945831
160,KwLCmLnIaWm,87,54,407199.7480792597
161,pDxGEEEMKfcS,73,1,840281.1665506227
162,WZKWvUYOYmqowgTZq,79,71,11428.808505749419
163,ssdJKiaYzlW,59,187,323028.9754158481
164,cDhFWFSGPMuSz,31,296,891796.4945518469
165,iNYnVYpkOKgJCmAb,69,487,229665.0850784994
166,RhcPhHDMEB,29,248,464070.7238139613
167,iSxYiOsSWubloa,42,479,846949.9106669268
168,QgtcYKTgyvGzIu,63,114,541158.1970522708
169,kzBftmwzulM,69,234,101938.90767485226
170,MlUqfVhJPfPoyokA,42,408,375343.10032273055
171,PdZgyBxvfe,48,15,725758.4612125811
172,IGBZxcMhkoEpAqvc,57,376,251691.5422209607
173,GPzNWHzMCQg,89,142,624583.2675159558
174,fSeNfDAOnneGtkSjH,63,268,217864.80619680614
175,PWleotAPtwpauJSNO,85,416,971154.1104027712
176,KPiuFwXTdTWGnrZZ,72,42,888007.3570728775
177,wMIgqQphtOlOo,28,159,839668.5863959291
178,uMYkPUlEDzL,92,351,830307.3715998414
179,AJTqFLsNrqIGOwx,54,295,752597.2933398106
180,pwVkiENhLsC,33,96,913097.8772739955
181,notZsDYVcSt,21,395,43323.614831502586
182,nfMkLCAutfHeiajYL,50,195,85130.14153137496
183,gGEdAVBAMilZjGG,64,330,724491.5944528612
184,FedMrJIdPHq,26,91,904635.3185932754
185,NaoWBbZQrkiVnlEFwu,18,127,139827.04243894917
186,DCgNQWPzgTL,49,419,322908.6653177488
187,hkWxdLPuGxiDGRxVQO,74,460,792934.5360511253
188,NQoZtjAaEmMetTm,92,239,283385.06790505693
189,SDmpgwuOdhx,24,478,173956.13521448482
190,mHDDGchMMrZmkMETm,99,373,420824.77091049135
191,pXiYWvfmSvhAtjU,99,244,911649.2575112728
192,ZdYSAczjwIatFtY,40,354,18301.74667176841
193,XQciNlCgycFYNUVxU,61,266,93583.34919166095
194,ZPzoIBBHAVG,26,311,21365.826626078153
195,jJapXuUyCkZN,85,156,765593.1663988361
196,fDygtkAfYcIfwHgDCiiW,52,34,685784.8274202279
197,hjVSNGvluKizP,93,20,696043.3632597268
198,FTvyjcQzOIcK,55,332,116512.0481369919
199,uaSJrrBArNank,70,172,810907.3084032439
200,QuPVPvkJCCjAfDv,77,251,606502.8430222343
201,sQrFTvOmBPzDXmT,34,468,939624.387675015
202,XHzLtoBCSJ,96,369,723564.3698414577
203,QzPBIwhgbZljmvzJ,68,497,891483.9958002212
204,eKlAOuvjiQRbsFTyXre,54,14,597909.6003003584
205,batkYGpJsngeol,55,230,585919.9327808203
206,FYUucvvMARWdcRUjuJH,94,455,899983.7219552106
207,pBzbOGMazd,91,248,85741.47359956146
208,pZixvKupkNPDe,21,470,713488.2716442099
209,HDFxMwZdWXcjleWqeBV,19,37,831571.3738397593
210,qYlEQhmELxCwwlBt,36,310,399702.55668123695
211,cGwsvTvBRaDQZClQrb,100,482,109876.27446231629
212,qPWXsoUgZXMKFCWsDv,44,388,911486.3142755711
213,FWfsGXabJHTctMkDhwxw,31,351,218385.34409530522
214,BiXcZouOsgzrmhnEnb,22,175,905695.648079824
215,tIbcZkWSUzf,71,456,189032.83221033422
216,wGOlVAVWuSwKzkRsEAsS,88,198,374281.3781206133
217,yaFZhFGlAhHGAwY,71,193,554998.4868311484
218,RfQYefOLzLzSS,24,301,555487.2349190324
219,dyubIiBnwpuoQQYEO,87,244,987394.0400522611
220,DSGtogwxTvVsqHzDisS,55,120,377727.3587756532
221,yOwQInIfNAIzf,28,376,586983.2883968898
222,KqdREsWTsop,69,195,672534.9561501808
223,FJlnTZviqHNkaADy,33,294,922731.4412617745
224,vyxlgVxmpOKd,19,266,486477.6090525761
225,lSeplZbHQI,70,188,605994.1890220519
226,wqAxcGEolO,74,278,447009.54902146856
227,ywFZnxgBje,54,470,604738.2527853681
228,NxUfUysxdq,80,422,980937.2995573952
229,lKyDkGoOQzSsjPu,87,416,542481.7441971882
230,nDyadgwHCUczQwqHyVN,86,166,272832.4435189582
231,fpXCdpqHNFcXvov,56,18,569254.3960540731
232,tTnDbXrJMEOQQn,79,230,123433.87061332494
233,DAJEMqeNMxwKjNjDIU,81,165,11856.608300497373
234,frgHiEecpMfcmdsu,79,11,933180.6267994051
235,QYTwMpDxaFBgEysfHqSI,79,356,392876.34749431175
236,BUvBitVdqYcbzjbbC,91,449,164269.28109033714
237,KrLYxxplufgU,60,450,477140.6676881006
238,IGlKTUxYlfwPurOGb,48,182,252287.20062847054
239,GMiOKTfHUyiHRgUT,48,249,882031.5638425059
240,aygnmcgbsGcGIH,40,361,653097.6559326812
241,vPndXyZaxMjhj,58,467,687764.9499409575
242,HRJEoctAvs,83,326,526146.7528982357
243,pfoECVUboshjoTxQTw,64,328,683095.9242806488
244,pfJsqzrTWHysM,75,122,442355.71229125053
245,qbVYHDnojRA,34,113,29107.18925546219
246,AftfiGYRSElmxo,82,452,187450.28146448694
247,JxDnYdPXimWLuZ,36,60,577221.9781419627
248,XMjpJnwrhmbRZUqUss,97,415,683640.0009268848
249,KSkqeZGdTMFp,70,491,816776.1272178881
250,TJaFkiVykkveFfNWdDp,85,337,295367.6096696105
251,CTSKlEnrYgoln,24,331,895674.9872723
252,XBkLOPqvLLYwhDmITRQ,39,315,929603.8894641786
253,tAxjkGMmJohWQxxEwcHh,94,66,829439.8757436724
254,YKknFIXqCP,100,118,968443.4913013983
255,SaPTgDOhQCwsvGKi,29,3,970022.2770620403
256,ZNftBOUjAIDIcAzy,97,83,733066.4252114017
257,aOjmfbVaTbGOMCdOhTG,42,358,799822.2477216857
258,ogfxvsiUqZKbkGaMP,77,234,626338.9030674909
259,RyPAOBOxMPFsJyLzNoM,37,163,544424.7889238381
260,PgZNANnjLYkKVlIXCldi,88,15,489814.2819560562
261,QFxsvCPWPjBnLGcfuKle,48,19,931151.6912431146
262,CogUOjssyCtWUVQJ,93,54,740670.6881186744
263,UzAejrLauxsrsIOE,75,327,524428.6638382351
264,MbbJiQKJaxGiWQycWj,36,344,151866.5918616649
265,SMrASbifFymwBSUpYuK,24,94,915837.9814172316
266,PbGdKcRCinhZMJdUE,86,181,796333.8342559142
267,qbjUpGyjQxQo,45,291,224183.47063897946
268,jwHIOnzQWiMEp,78,431,335669.70023399516
269,YIicdYeijdsJffLG,62,2,630509.5677120253
270,fFkzmESUhBbvnyhJBK,56,160,753362.7672512633
271,tmRjdRMqqZZjh,52,459,510820.9580787492
272,WliMBfRLmhwb,26,41,282205.3236077983
273,zDTHIDCieg,51,335,404554.74295807496
274,yhuxEVRNsI,35,405,378689.2355726549
275,IZDMBXXDKKxigsHQ,23,108,499292.44735765917
276,TMkTlOByXucAJqKg,85,35,824059.9802146864
277,sHUSqjLJJKKvpwFRqHGW,35,270,863584.8849853432
278,EpwnsCZlqLTdKw,51,462,584958.9313355242
279,yZbZFwjdMQgGXsLWfBh,78,222,176799.14158495335
280,FgkZzRfxsiZSwERv,61,324,628609.8974428456
281,vzSPqnlKDKrdBtdacalD,92,219,486546.86052990507
282,AHCCuNTlXSXq,91,30,970335.0884220175
283,YRCqbwcwlleSvPxeRm,99,424,889001.1500046161
284,cBApjZqUrmfcgqwLjSVm,33,187,589656.7559717703
285,VoLuolLAms,70,402,921569.0044802055
286,tynKbsKCrfYc,35,13,673749.8832367636
287,ngjuvblHcgzCgShPpCb,95,63,94011.47835100362
288,eykZVvBWOCDrdIlk,99,90,304036.4465575342
289,RBbwKtKQMuvZqHJpk,75,42,192741.91330303682
290,feLGDQYlKOxD,43,449,234005.21864695792
291,tifNdlxICQWQVYhXdzP,72,25,627039.2275190962
292,eBxAqQIeSkMUAJ,20,306,300012.7080156344
293,DfnmpOoauAZW,57,191,258780.00809569308
294,FxkduaahPmfGm,73,27,489719.28930575884
295,KkiJlKcyJDiwH,59,128,353597.82395171473
296,XQytkTiNYJtUJsI,53,15,575166.9723875775
297,TGlcCwegMQfmVipjr,85,178,259791.52351660148
298,oehsLNhCIXnesQjzZqA,47,249,106133.0623713088
299,jcXANVbfGBB,89,88,502232.30959205504
300,xxTMZQqXdvImiiwuvyU,39,418,700207.5256490642
301,LFDgThNVvklwBaDJbC,83,438,867737.7864565616
302,naNxLSldvZxvlzC,58,370,202186.60045196573
303,IicMmZqnlP,82,219,63471.72045585447
304,IoaxZDaVIeoXgczl,55,178,768501.3532816737
305,VRAyoyTIzWDcywtfUh,88,419,217039.39497229003
306,AHtVbkouobzPNc,36,454,973894.2505320142
307,thqcUiEDuip,51,362,666767.8816108351
308,zufopQBSpxHcFMSt,81,38,414190.67588449526
309,YDocbsqlvCySUWCfFp,50,426,669376.6500425714
310,PdbdyPgoPDUBVQ,68,28,950179.2621177654
311,vMviQldFGqKAtoLrNjwo,37,90,524024.2655512777
312,rwUyYWqYZdbFDd,97,491,557005.7295332474
313,YWgZWRmaDyEtbf,20,467,500454.3193990695
314,TZMOPExJvEZrStdUnFIL,64,475,290664.15979596606
315,fpVQMHCmJhnhsgdJvd,28,418,494897.61669348105
316,exfhxZZDTmFANKzpJp,31,72,795599.9557343127
317,ruxEaQUhLutXVoru,79,232,611883.7489010032
318,ZaWMsfzaRR,84,355,938121.4260284133
319,RCreFspNcfGlFicoQA,57,93,609153.331800393
320,xFdCbJmnvVNrad,85,20,122688.2428961015
321,KWjhjdFDWTlXv,26,252,240886.54335386166
322,RKaEVVHcIi,91,384,871441.9199877701
323,GIZbiFJpXbm,18,411,741518.5694893588
324,XXXpZpFXPYugw,37,403,188692.77004706184
325,LAfwMTDfziUe,96,176,774901.5265744446
326,LjFznFGqQSwHI,29,93,677236.1820184923
327,JLUOZlIMexY,22,363,582574.502639475
328,pFbzBJtourf,100,438,924357.0040046134
329,HptzgTnLqmoEYIcIPpnQ,83,63,927263.4132215341
330,ZrzSOXNtAePVZKPOl,39,387,338376.49622517
331,eRUDDAorYRXXKw,43,274,582475.2291584319
332,RvYZsiygiebcf,52,310,521814.93512101617
333,RqIOdIGQCJkzTkJlNyMl,97,422,598179.501409017
334,upjQLWYpiEh,90,263,746019.7660250455
335,lmJOVFJZplXbKw,100,173,1206.7887665000644
336,jFEDarWHwc,88,260,974747.44080666
337,zfoHgGLWBDXE,41,7,539245.5696852792
338,psTszvHajKzGHa,69,420,709139.5879042469
339,VusyAgvVnKvyKDkI,66,109,289856.4263230148
340,lCZUwigMGCnFekqKGvn,77,423,695993.2220257937
341,IZZRabcHEdcbTicF,30,403,493077.11563636345
342,SSXaauOAHWjHNXW,28,34,88869.2554260343
343,IJAQUAsPAUqGVIM,71,139,722457.5335303007
344,pqDGLyKRFXWvfOI,60,186,678004.3674940125
345,LftrNvCuUrg,84,262,325402.0650846278
346,ztAISHHtzXB,51,499,117584.38351822425
347,LgOCWIbBdwZb,77,39,779678.625410832
348,swDJskjwNUl,78,435,479430.46024455933
349,sbVYvbHrXE,52,233,238857.4891538399
350,jpZsbxOgUCplfaEqp,43,114,252470.97970846732
351,rfeFlyWRWNcqj,99,439,413325.31650580984
352,DasGNlgBAemk,38,176,746999.6984570599
353,OGSxemfJHCxQQGLiu,34,417,96008.22477892645
354,yYTDNKJzNC,49,317,680368.399678404
355,cOOotlYkOdgNu,68,207,787214.4180358765
356,hjbbmqHpgSAHlvX,94,467,32715.3428493677
357,IIdnNUAjyxoCnms,58,237,150859.97449614466
358,ilAXZwVkpWZaVu,22,47,455850.75294647587
359,hZXoOZTHAzuJq,47,487,603094.776825603
360,OmmHymjQdxBvmPi,25,369,18526.040868011514
361,CctCdJHHhKgLwi,57,378,426759.0892706628
362,bJYOPOWRdyCEjQKLXBTo,92,439,326240.9007238633
363,gamRUqhvQk,27,272,947202.2187988104
364,fXKgYNYtFUvBWVg,37,245,827353.8987312932
365,oswnHwqwDhdTFGpuL,97,428,156494.74250728384
366,glxbSJmdKRySnUhSJjHX,90,166,200419.56002915386
367,SngsGEjlroSSMuKqFAh,98,277,983529.219987948
368,hOdVTBKauCuP,85,8,511003.3233143216
369,thMdgxyYKOippzIVctW,100,236,744070.9948301701
370,IVLSbenKpYtpupD,92,182,88427.33176409287
371,FwNcWCjnwMb,23,3,153457.7220001069
372,XpZeTqdbFdnQTryhIB,29,13,518026.3864400306
373,OxAPtSKCXOzc,89,261,274955.4860533002
374,gxIARdgaFzYFA,47,80,595742.9513165136
375,OWgnbaDxHkOZh,74,286,665310.2687143073
376,AMdlVomXIldtFfaWe,100,410,146505.13209185938
377,rjdilsgWYgoel,50,74,161383.83550895774
378,UsbQrHVXyZYWIpIaN,36,114,314290.89940912224
379,YtkWDrbRudJpZX,96,396,922370.2569991763
380,NOrOqdfcxAGsyrmYox,66,219,894740.7853111974
381,JnkqckRokNTZHmWiD,82,328,94564.86309649609
382,iAwAsyTVpKZmTPnCy,61,111,426237.93636201863
383,GQSwnfRXSizt,54,454,937817.0290080871
384,HBuNjdXSYDKpkSaTFum,88,261,909034.3902637146
385,nSJmAJUALFBunzQhCwvX,85,474,393615.0038974239
386,LwWnVgXpBlmv,85,255,115630.85150293203
387,JkSjpDDAxcY,97,59,579343.5493464229
388,KQCoTWwUshasAyznWFP,76,282,381773.0407287022
389,UXWgWiUiyCeLJorYJ,79,491,454365.37784645293
390,mOQckRKLvOLFAV,34,20,868179.2961483719
391,GeteLyrWTExfXUckFn,23,365,825282.2607429265
392,gyjGungNuzBvIGGCyo,92,70,261453.35551665272
393,ZJJOOhnZjmcFGQLDeSAu,25,306,845148.8304386166
394,cWTkTwpKblBEhcyrp,20,154,376222.5018883629
395,SgGoeWvxFGHUwOW,68,167,439058.91726533434
396,ZSuYZaSAcy,32,161,921664.7615633771
397,nJlgIpqUWN,73,336,829149.3421098386
398,fXHZnbVNJn,28,382,991177.2585859285
399,nOBQQqbVFhIROJPJsBaT,51,307,119919.14355398997
400,oExBLFNpxNNzDdrhnMRM,75,214,272830.46158528654
401,wSxTtaQOrC,57,245,244871.86210296923
402,uIkedARwhreBOD,35,207,173085.7416794835
403,fOpcQNPIbqvCXuKbOrWh,22,212,668923.9987345422
404,hmmNUbNOnNdvF,66,116,244022.12666287832
405,LlxIwWyidVTTYMO,93,152,677174.7047621859
406,FsQZGLUkblsky,65,343,27420.338075349442
407,HXwAGHVWqsbgDKQEw,92,105,368480.5632303725
408,kTPAlAfKASJXkHmKD,100,209,120571.40123896203
409,yJAevDakVejec,84,10,480597.3895825905
410,bNZNkeNBMGNXKRRpCmd,31,466,876877.7024533952
411,etFzodZGHeKnWWuk,28,492,644981.4411609271
412,vAKiwyrGDLiOKMwpYd,23,460,691549.0840880745
413,VIwsqrYlzhYQdvSYQx,40,54,699796.4617592345
414,MmnYrcMjcCGXNXJev,88,372,610641.9259639281
415,IMgGEODdhdYo,68,274,470902.5585076317
416,mMRAdoHLKsCBO,73,492,855916.153038069
417,iGGoWunpPYmTL,52,480,850488.6167158302
418,GYhMPXYnyNXaELMByZ,82,48,383317.75254575885
419,thbLJfkWwJNfxWoWhcC,20,474,805792.8652778496
420,SIDOIetIuHSoLew,99,202,928659.2419952346
421,HrugzZFYaJSEVPiBloFu,67,429,185073.82542478142
422,NYUntXefSvcRa,82,298,834144.824698186
423,VegbljIqpLYOIV,59,406,435817.7103389071
424,rVGqePLpFzaJajAHaKz,95,493,719336.066391463
425,kIgNMepFSsUeA,61,347,480715.52072776563
426,RzQdLpCoTcj,30,429,351817.8480909833
427,fdWUjNedDrORNuOkpn,37,414,902231.3938055871
428,JqFTOEflhTfXSn,53,261,654298.1064750042
429,UZsceIrXWrrPCzJhyR,66,368,439276.0693457976
430,erPHYqwcyUYyFFdaHhU,31,64,620831.31439963
431,ctdiBjNGiHfmS,58,112,686327.0485280495
432,ifMqjPQJudmr,33,134,343051.6935624464
433,iTRwqYTLrrhb,53,124,969348.3954682939
434,RbFbfVygqlsVonvVp,89,424,129537.27683091875
435,taRqJxoXwn,41,417,613868.7714576821
436,yOVodyVEBzIg,22,90,645956.1361090988
437,TlkTmTxqowsv,71,480,484056.4721892545
438,zCndLpmURAzw,67,120,227564.54322537384
439,yWDmiXvWdvaUYFwMHGx,35,6,710188.3055901065
440,ifYLEHkQMGOMVVhL,60,40,56595.9711994375
441,ZGiXKmiweptTEnZwOnRz,25,414,338672.9886267417
442,GDsuDWvBRzqcliKC,89,195,338649.9834237534
443,CLJOQxMwUkjkpxof,47,357,710612.1600666577
444,bCvUGRBLQjYy,89,302,589824.7636897285
445,SJzeUuBfETwlj,59,326,793039.22184038
446,ePqNrPYKgeh,63,26,265637.3204439007
447,BWubVhWwIglk,39,261,226072.89752568593
448,LrJfMUUErPUOqIc,23,341,757522.1300140091
449,QpxbPUEuPfSOrVKJtEr,89,44,285511.45156476623
450,uTFjmmvdxLHm,99,368,29947.608761787273
451,HdJdrkDtViIEwtTFXvlF,45,480,167998.4328394237
452,SdYFhoZNotJKZOA,81,332,398884.4777857715
453,RVKqyeUQMTGEoeoPjb,53,498,443212.55586852704
454,dnvJeDbcjWpnc,57,354,620207.5030643216
455,eVKsROzvcVkiNRKiKUIM,73,7,906249.5063735604
456,yIdUdgCBrEVPZmqCJzW,88,112,112631.2065124575
457,oyQvUOERAxFCpeQKW,61,500,711372.3062570285
458,cwlSoLiFECRbUxKtv,49,387,187217.66393962115
459,KNnpCCoGTooATgU,80,448,693922.2563275822
460,etcRBnVtFWgppFhtnayr,63,473,833921.555304732
461,wlWgmaiIbbd,71,2,456590.7790686879
462,zuwWdIHQsSPCgiypWtbl,97,261,14191.492770891036
463,IBGTmkVxJaRH,37,163,744958.962023223
464,pBzkUrmYne,59,196,727217.4697049187
465,GBQrPimOiBWMSVdxTO,50,37,120624.12966936546
466,BJKfJIuvvweYCREdqe,46,7,836408.4277923709
467,PjTVXlPQlda,67,329,499388.0838968811
468,aSaeLmrlePFZ,62,328,880738.896175476
469,SNkANjGjos,81,486,149124.66095670738
470,eQGQwSfsuybTWCEG,78,70,883139.6064057411
471,fuRWJbrQOC,48,443,448498.30910057796
472,SCWwoUahZaL,68,350,512953.62190397765
473,dGMKqDbzWXwhNNJtw,60,35,686709.187214611
474,eGAiOnAlcGScgWDmuiN,54,90,905527.9027912832
475,nDdRRSKxZWcLUzyd,70,177,540035.9237954955
476,eNRFqlHciVu,32,307,295381.9709036233
477,zfULmbmDBMKnIOzvv,46,418,262387.04799760773
478,iTNrVUbbsy,20,260,105640.27317678674
479,ToYJVydngdDoLBwytU,38,160,299744.9649790404
480,FHxpRIGdfXeG,93,5,232960.12664408985
481,SqGPGkEwzuylG,76,199,540778.1076319146
482,SIMtAdthaY,32,88,429911.6770634671
483,cNTlFdmcKUYTyT,53,313,5978.265144216563
484,deVCTZXvuL,93,450,129438.87017137396
485,CcahpSQyXPPqHveSRr,99,195,312813.75261948566
486,IGoYXyMsmHETSZMwR,24,42,252070.64142717814
487,kOHjeuZirrwVnEriyAvM,82,84,227933.8660621168
488,gndFGvdzPP,98,1,497449.77262496453
489,GrYHkkXYlxDPseTYrWR,52,113,762096.9474759595
490,cJSKOqodBh,25,23,335764.40108665114
491,ZFHpPmKucBaicPvKP,56,443,524963.5617803773
492,SDkLusQpnUJrYdDZN,90,45,116818.722052285
493,fxhKASPMYywuhpDah,93,326,913263.8970337935
494,GuSdPjBsLGXLxje,95,471,1067.3451350726405
495,qEhgvUkkZVn,19,39,420653.4631353975
496,bqbLLzWhlod,90,424,502956.19128471805
497,ZSyubCVdLobLSxUvgWk,42,96,638433.69515865
498,uCvQJcWhfFkxQA,56,64,804684.828542528
499,zAPzRKIgvdfYYSk,67,49,210249.25518013668
500,mshBsSSGoJzYtko,70,46,575550.0145254404
